{
  "observation.state": {
    "min": [
      -0.4568922817707062,
      0.005061454605311155,
      -1.1667875051498413,
      -0.7222870588302612,
      -0.39189621806144714,
      -0.1500459611415863,
      0.04830000177025795
    ],
    "max": [
      0.8193273544311523,
      2.0666444301605225,
      -0.0027925267349928617,
      0.1981646865606308,
      0.5441587567329407,
      0.8136724829673767,
      0.09950000047683716
    ],
    "mean": [
      0.07897576279278114,
      1.1845242108710317,
      -0.6111983711290702,
      -0.13453111124990697,
      0.14977896866004875,
      0.14105809288167745,
      0.08326759218104247
    ],
    "std": [
      0.40921155653462093,
      0.7037154847029407,
      0.3998616295819259,
      0.2624217900784171,
      0.1853333663956845,
      0.29198277973592335,
      0.022524153751638853
    ],
    "count": [
      2126
    ],
    "q01": [
      -0.4424060583114624,
      0.005515240598469973,
      -1.1667875051498413,
      -0.7222870588302612,
      -0.3750756159424782,
      -0.1494700014591217,
      0.048500001430511475
    ],
    "q10": [
      -0.3867998719215393,
      0.006387905217707157,
      -1.1385480761528015,
      -0.6698049902915955,
      -0.06693337857723236,
      -0.06880088150501251,
      0.04960000142455101
    ],
    "q50": [
      0.004258603323251009,
      1.540741741657257,
      -0.7130193710327148,
      -0.010873401537537575,
      0.1460055187344551,
      0.02687807008624077,
      0.09950000047683716
    ],
    "q90": [
      0.7406479120254517,
      1.783970832824707,
      -0.003403392154723406,
      0.06533640250563622,
      0.3542494773864746,
      0.7646200060844421,
      0.09950000047683716
    ],
    "q99": [
      0.8193273544311523,
      2.051372766494751,
      -0.0027925267349928617,
      0.1981646865606308,
      0.520775705575943,
      0.8015904575586319,
      0.09950000047683716
    ]
  },
  "action": {
    "min": [
      -0.4568922817707062,
      0.005061454605311155,
      -1.1667875051498413,
      -0.7222870588302612,
      -0.39189621806144714,
      -0.1500459611415863,
      0.04830000177025795
    ],
    "max": [
      0.8193273544311523,
      2.0666444301605225,
      -0.0027925267349928617,
      0.1981646865606308,
      0.5441587567329407,
      0.8136724829673767,
      0.09950000047683716
    ],
    "mean": [
      0.08242644126897339,
      1.1923167365441065,
      -0.6156939485157216,
      -0.13506722121117487,
      0.14904661998367383,
      0.1417841367109881,
      0.08326759218104247
    ],
    "std": [
      0.4117132621532252,
      0.6997991686722934,
      0.3984642573707687,
      0.26291854292513817,
      0.1853701578009539,
      0.2926541798190033,
      0.022524153751638853
    ],
    "count": [
      2126
    ],
    "q01": [
      -0.4424060583114624,
      0.005515240598469973,
      -1.1667875051498413,
      -0.7222870588302612,
      -0.3750756159424782,
      -0.1494700014591217,
      0.048500001430511475
    ],
    "q10": [
      -0.3867998719215393,
      0.006387905217707157,
      -1.1422132849693298,
      -0.6698049902915955,
      -0.06693337857723236,
      -0.06880088150501251,
      0.04960000142455101
    ],
    "q50": [
      0.004258603323251009,
      1.5480634570121765,
      -0.7130193710327148,
      -0.010873401537537575,
      0.14414674788713455,
      0.02687807008624077,
      0.09950000047683716
    ],
    "q90": [
      0.7430739104747772,
      1.783970832824707,
      -0.003403392154723406,
      0.06680247560143471,
      0.35472071170806885,
      0.7669500112533569,
      0.09950000047683716
    ],
    "q99": [
      0.8193273544311523,
      2.051372766494751,
      -0.0027925267349928617,
      0.1981646865606308,
      0.520775705575943,
      0.8015904575586319,
      0.09950000047683716
    ]
  },
  "timestamp": {
    "min": [
      0.0
    ],
    "max": [
      11.649999618530273
    ],
    "mean": [
      5.309830669678138
    ],
    "std": [
      3.1025874220662177
    ],
    "count": [
      2126
    ],
    "q01": [
      0.10000000149011612
    ],
    "q10": [
      1.0499999523162842
    ],
    "q50": [
      5.300000190734863
    ],
    "q90": [
      9.550000190734863
    ],
    "q99": [
      11.050000190734863
    ]
  },
  "frame_index": {
    "min": [
      0.0
    ],
    "max": [
      233.0
    ],
    "mean": [
      106.19661335841957
    ],
    "std": [
      62.05174840836011
    ],
    "count": [
      2126
    ],
    "q01": [
      2.0
    ],
    "q10": [
      21.0
    ],
    "q50": [
      106.0
    ],
    "q90": [
      191.0
    ],
    "q99": [
      221.0
    ]
  },
  "episode_index": {
    "min": [
      0.0
    ],
    "max": [
      9.0
    ],
    "mean": [
      4.458137347130762
    ],
    "std": [
      2.829405980949076
    ],
    "count": [
      2126
    ],
    "q01": [
      0.0
    ],
    "q10": [
      1.0
    ],
    "q50": [
      4.0
    ],
    "q90": [
      8.0
    ],
    "q99": [
      9.0
    ]
  },
  "index": {
    "min": [
      0.0
    ],
    "max": [
      2125.0
    ],
    "mean": [
      1062.5
    ],
    "std": [
      613.7232682569563
    ],
    "count": [
      2126
    ],
    "q01": [
      21.25
    ],
    "q10": [
      212.5
    ],
    "q50": [
      1062.5
    ],
    "q90": [
      1912.5
    ],
    "q99": [
      2103.75
    ]
  },
  "task_index": {
    "min": [
      0.0
    ],
    "max": [
      1.0
    ],
    "mean": [
      0.5018814675446849
    ],
    "std": [
      0.4999964600673471
    ],
    "count": [
      2126
    ],
    "q01": [
      0.0
    ],
    "q10": [
      0.0
    ],
    "q50": [
      1.0
    ],
    "q90": [
      1.0
    ],
    "q99": [
      1.0
    ]
  },
  "observation.images.global_rgb": {
    "min": [
      [
        [
          0.0
        ]
      ],
      [
        [
          0.0
        ]
      ],
      [
        [
          0.0
        ]
      ]
    ],
    "max": [
      [
        [
          1.0
        ]
      ],
      [
        [
          1.0
        ]
      ],
      [
        [
          1.0
        ]
      ]
    ],
    "mean": [
      [
        [
          0.36400028659973815
        ]
      ],
      [
        [
          0.42900997554773507
        ]
      ],
      [
        [
          0.47252000942258404
        ]
      ]
    ],
    "std": [
      [
        [
          0.24071656577157463
        ]
      ],
      [
        [
          0.18159977365079483
        ]
      ],
      [
        [
          0.22728734005309806
        ]
      ]
    ],
    "count": [
      2126
    ],
    "q01": [
      [
        [
          0.0
        ]
      ],
      [
        [
          0.050980392156862744
        ]
      ],
      [
        [
          0.06274509803921569
        ]
      ]
    ],
    "q10": [
      [
        [
          0.011764705882352941
        ]
      ],
      [
        [
          0.12549019607843137
        ]
      ],
      [
        [
          0.15294117647058825
        ]
      ]
    ],
    "q50": [
      [
        [
          0.4470588235294118
        ]
      ],
      [
        [
          0.4196078431372549
        ]
      ],
      [
        [
          0.43529411764705883
        ]
      ]
    ],
    "q90": [
      [
        [
          0.6666666666666666
        ]
      ],
      [
        [
          0.7294117647058823
        ]
      ],
      [
        [
          0.8352941176470589
        ]
      ]
    ],
    "q99": [
      [
        [
          0.7843137254901961
        ]
      ],
      [
        [
          0.8588235294117647
        ]
      ],
      [
        [
          0.9686274509803922
        ]
      ]
    ]
  },
  "observation.images.wrist_rgb": {
    "min": [
      [
        [
          0.0
        ]
      ],
      [
        [
          0.0
        ]
      ],
      [
        [
          0.0
        ]
      ]
    ],