{
  "episode_index": 9,
  "schedule_index": 9,
  "target": "blue",
  "task": "Pick up the blue object and put it into the box.",
  "timestamp": "2026-06-15T14:52:27+08:00",
  "camera_keys": [
    "observation.images.global_rgb",
    "observation.images.wrist_rgb"
  ],
  "state_dim": 7,
  "action_dim": 7,
  "source": "two-object language read-only operator demonstration",
  "action_semantics_note": "observation.state=previous qpos, action=current qpos",
  "quality": {
    "episode_index": 9,
    "target": "blue",
    "task": "Pick up the blue object and put it into the box.",
    "frame_count": 189,
    "duration_sec": 9.466542857001333,
    "actual_fps": 19.965049845014757,
    "global_frame_failures": 0,
    "wrist_frame_failures": 0,
    "black_frame_count": 0,
    "finite_ok": true,
    "state_shape_ok": true,
    "action_shape_ok": true,
    "duplicate_timestamp_count": 0,
    "max_action_jump": 0.06309366226196289,
    "big_jump_count": 0,
    "action_min": [
      -0.017523106187582016,
      0.006422811653465033,
      -0.8599237203598022,
      -0.0956265926361084,
      -0.39189621806144714,
      -0.1500459611415863,
      0.04960000142455101
    ],
    "action_max": [
      0.7385709881782532,
      1.7139482498168945,
      -0.0034732052590698004,
      0.0852418839931488,
      0.3277030289173126,
      0.09779080003499985,
      0.09950000047683716
    ],
    "gripper_min": 0.04960000142455101,
    "gripper_max": 0.09950000047683716,
    "has_close": true,
    "has_release": true,
    "has_open_close_release": true,
    "too_short": false,
    "timed_out": false,
    "status": "PASS",
    "warnings": [],
    "failures": []
  },
  "placement": {},
  "fps": 20,
  "camera_fps": 30,
  "real_actions_sent": false,
  "policy_actions_sent": false,
  "robot_write_enabled": false
}
