{
  "episode_index": 7,
  "schedule_index": 7,
  "target": "blue",
  "task": "Pick up the blue object and put it into the box.",
  "timestamp": "2026-06-15T14:51:17+08:00",
  "camera_keys": [
    "observation.images.global_rgb",
    "observation.images.wrist_rgb"
  ],
  "state_dim": 7,
  "action_dim": 7,
  "source": "two-object language read-only operator demonstration",
  "action_semantics_note": "observation.state=previous qpos, action=current qpos",
  "quality": {
    "episode_index": 7,
    "target": "blue",
    "task": "Pick up the blue object and put it into the box.",
    "frame_count": 234,
    "duration_sec": 11.719493790999696,
    "actual_fps": 19.966732708174362,
    "global_frame_failures": 0,
    "wrist_frame_failures": 0,
    "black_frame_count": 0,
    "finite_ok": true,
    "state_shape_ok": true,
    "action_shape_ok": true,
    "duplicate_timestamp_count": 0,
    "max_action_jump": 0.07773697376251221,
    "big_jump_count": 0,
    "action_min": [
      -0.4424060583114624,
      0.005061454605311155,
      -0.8085237741470337,
      -0.7222870588302612,
      -0.15414747595787048,
      0.0524296909570694,
      0.05310000106692314
    ],
    "action_max": [
      0.7815235257148743,
      1.731925129890442,
      -0.003036872949451208,
      -0.026476643979549408,
      0.35754814743995667,
      0.8092742562294006,
      0.09950000047683716
    ],
    "gripper_min": 0.05310000106692314,
    "gripper_max": 0.09950000047683716,
    "has_close": true,
    "has_release": true,
    "has_open_close_release": true,
    "too_short": false,
    "timed_out": false,
    "status": "PASS",
    "warnings": [],
    "failures": []
  },
  "placement": {},
  "fps": 20,
  "camera_fps": 30,
  "real_actions_sent": false,
  "policy_actions_sent": false,
  "robot_write_enabled": false
}
