{
  "episode_index": 2,
  "schedule_index": 2,
  "target": "green",
  "task": "Pick up the green object and put it into the box.",
  "timestamp": "2026-06-15T14:47:37+08:00",
  "camera_keys": [
    "observation.images.global_rgb",
    "observation.images.wrist_rgb"
  ],
  "state_dim": 7,
  "action_dim": 7,
  "source": "two-object language read-only operator demonstration",
  "action_semantics_note": "observation.state=previous qpos, action=current qpos",
  "quality": {
    "episode_index": 2,
    "target": "green",
    "task": "Pick up the green object and put it into the box.",
    "frame_count": 224,
    "duration_sec": 11.218431006000902,
    "actual_fps": 19.967141561968795,
    "global_frame_failures": 0,
    "wrist_frame_failures": 0,
    "black_frame_count": 0,
    "finite_ok": true,
    "state_shape_ok": true,
    "action_shape_ok": true,
    "duplicate_timestamp_count": 0,
    "max_action_jump": 0.06377431750297546,
    "big_jump_count": 0,
    "action_min": [
      -0.4568922817707062,
      0.005777040030807257,
      -0.9367356896400452,
      0.006440265104174614,
      -0.03851941600441933,
      -0.08998917788267136,
      0.04960000142455101
    ],
    "action_max": [
      0.7935139536857605,
      1.8019826412200928,
      -0.003281218931078911,
      0.035412728786468506,
      0.32792991399765015,
      0.05192354694008827,
      0.09950000047683716
    ],
    "gripper_min": 0.04960000142455101,
    "gripper_max": 0.09950000047683716,
    "has_close": true,
    "has_release": true,
    "has_open_close_release": true,
    "too_short": false,
    "timed_out": false,
    "status": "PASS",
    "warnings": [],
    "failures": []
  },
  "placement": {},
  "fps": 20,
  "camera_fps": 30,
  "real_actions_sent": false,
  "policy_actions_sent": false,
  "robot_write_enabled": false
}
