{
  "episode_index": 0,
  "schedule_index": 0,
  "target": "blue",
  "task": "Pick up the blue object and put it into the box.",
  "timestamp": "2026-06-15T14:46:20+08:00",
  "camera_keys": [
    "observation.images.global_rgb",
    "observation.images.wrist_rgb"
  ],
  "state_dim": 7,
  "action_dim": 7,
  "source": "two-object language read-only operator demonstration",
  "action_semantics_note": "observation.state=previous qpos, action=current qpos",
  "quality": {
    "episode_index": 0,
    "target": "blue",
    "task": "Pick up the blue object and put it into the box.",
    "frame_count": 210,
    "duration_sec": 10.515925781998522,
    "actual_fps": 19.969711117539866,
    "global_frame_failures": 0,
    "wrist_frame_failures": 0,
    "black_frame_count": 0,
    "finite_ok": true,
    "state_shape_ok": true,
    "action_shape_ok": true,
    "duplicate_timestamp_count": 0,
    "max_action_jump": 0.05684536695480347,
    "big_jump_count": 0,
    "action_min": [
      -0.2869146764278412,
      0.0062831854447722435,
      -1.1667875051498413,
      0.0,
      0.05780530348420143,
      -0.06880088150501251,
      0.052299998700618744
    ],
    "action_max": [
      0.7199832201004028,
      2.051372766494751,
      -0.0037873645778745413,
      0.10348057001829147,
      0.5441587567329407,
      0.02298598550260067,
      0.09950000047683716
    ],
    "gripper_min": 0.052299998700618744,
    "gripper_max": 0.09950000047683716,
    "has_close": true,
    "has_release": true,
    "has_open_close_release": true,
    "too_short": false,
    "timed_out": false,
    "status": "PASS",
    "warnings": [],
    "failures": []
  },
  "placement": {},
  "fps": 20,
  "camera_fps": 30,
  "real_actions_sent": false,
  "policy_actions_sent": false,
  "robot_write_enabled": false
}
