{
  "episode_index": 3,
  "schedule_index": 3,
  "target": "green",
  "task": "Pick up the green object and put it into the box.",
  "timestamp": "2026-06-15T14:48:16+08:00",
  "camera_keys": [
    "observation.images.global_rgb",
    "observation.images.wrist_rgb"
  ],
  "state_dim": 7,
  "action_dim": 7,
  "source": "two-object language read-only operator demonstration",
  "action_semantics_note": "observation.state=previous qpos, action=current qpos",
  "quality": {
    "episode_index": 3,
    "target": "green",
    "task": "Pick up the green object and put it into the box.",
    "frame_count": 218,
    "duration_sec": 10.919700545998058,
    "actual_fps": 19.963917424447544,
    "global_frame_failures": 0,
    "wrist_frame_failures": 0,
    "black_frame_count": 0,
    "finite_ok": true,
    "state_shape_ok": true,
    "action_shape_ok": true,
    "duplicate_timestamp_count": 0,
    "max_action_jump": 0.0691499412059784,
    "big_jump_count": 0,
    "action_min": [
      -0.3415434956550598,
      0.006527531426399946,
      -1.1425623893737793,
      -0.018360864371061325,
      0.11065387725830078,
      -0.043703045696020126,
      0.04830000177025795
    ],
    "action_max": [
      0.6631553173065186,
      2.0666444301605225,
      -0.003403392154723406,
      0.07906341552734375,
      0.5356415510177612,
      0.02958333119750023,
      0.09950000047683716
    ],
    "gripper_min": 0.04830000177025795,
    "gripper_max": 0.09950000047683716,
    "has_close": true,
    "has_release": true,
    "has_open_close_release": true,
    "too_short": false,
    "timed_out": false,
    "status": "PASS",
    "warnings": [],
    "failures": []
  },
  "placement": {},
  "fps": 20,
  "camera_fps": 30,
  "real_actions_sent": false,
  "policy_actions_sent": false,
  "robot_write_enabled": false
}
