{
  "episode_index": 1,
  "schedule_index": 1,
  "target": "green",
  "task": "Pick up the green object and put it into the box.",
  "timestamp": "2026-06-15T14:46:59+08:00",
  "camera_keys": [
    "observation.images.global_rgb",
    "observation.images.wrist_rgb"
  ],
  "state_dim": 7,
  "action_dim": 7,
  "source": "two-object language read-only operator demonstration",
  "action_semantics_note": "observation.state=previous qpos, action=current qpos",
  "quality": {
    "episode_index": 1,
    "target": "green",
    "task": "Pick up the green object and put it into the box.",
    "frame_count": 208,
    "duration_sec": 10.418669807998231,
    "actual_fps": 19.9641608605661,
    "global_frame_failures": 0,
    "wrist_frame_failures": 0,
    "black_frame_count": 0,
    "finite_ok": true,
    "state_shape_ok": true,
    "action_shape_ok": true,
    "duplicate_timestamp_count": 0,
    "max_action_jump": 0.05239477753639221,
    "big_jump_count": 0,
    "action_min": [
      -0.42301544547080994,
      0.0063355453312397,
      -0.8935562372207642,
      -0.012653636746108532,
      -0.11458086222410202,
      -0.018360864371061325,
      0.04960000142455101
    ],
    "action_max": [
      0.7502995729446411,
      1.7322741746902466,
      -0.0029146999586373568,
      0.033999014645814896,
      0.3491007685661316,
      0.060475658625364304,
      0.09950000047683716
    ],
    "gripper_min": 0.04960000142455101,
    "gripper_max": 0.09950000047683716,
    "has_close": true,
    "has_release": true,
    "has_open_close_release": true,
    "too_short": false,
    "timed_out": false,
    "status": "PASS",
    "warnings": [],
    "failures": []
  },
  "placement": {},
  "fps": 20,
  "camera_fps": 30,
  "real_actions_sent": false,
  "policy_actions_sent": false,
  "robot_write_enabled": false
}
