{
  "episode_index": 8,
  "schedule_index": 8,
  "target": "blue",
  "task": "Pick up the blue object and put it into the box.",
  "timestamp": "2026-06-15T14:51:55+08:00",
  "camera_keys": [
    "observation.images.global_rgb",
    "observation.images.wrist_rgb"
  ],
  "state_dim": 7,
  "action_dim": 7,
  "source": "two-object language read-only operator demonstration",
  "action_semantics_note": "observation.state=previous qpos, action=current qpos",
  "quality": {
    "episode_index": 8,
    "target": "blue",
    "task": "Pick up the blue object and put it into the box.",
    "frame_count": 198,
    "duration_sec": 9.917125306998788,
    "actual_fps": 19.965463163026282,
    "global_frame_failures": 0,
    "wrist_frame_failures": 0,
    "black_frame_count": 0,
    "finite_ok": true,
    "state_shape_ok": true,
    "action_shape_ok": true,
    "duplicate_timestamp_count": 0,
    "max_action_jump": 0.05583310127258301,
    "big_jump_count": 0,
    "action_min": [
      -0.29674088954925537,
      0.005899212788790464,
      -0.8291361331939697,
      -0.3251548409461975,
      -0.31552061438560486,
      -0.03741985931992531,
      0.048500001430511475
    ],
    "action_max": [
      0.7468962073326111,
      1.6920443773269653,
      -0.003944444004446268,
      0.06892304867506027,
      0.3061307370662689,
      0.3071081340312958,
      0.09950000047683716
    ],
    "gripper_min": 0.048500001430511475,
    "gripper_max": 0.09950000047683716,
    "has_close": true,
    "has_release": true,
    "has_open_close_release": true,
    "too_short": false,
    "timed_out": false,
    "status": "PASS",
    "warnings": [],
    "failures": []
  },
  "placement": {},
  "fps": 20,
  "camera_fps": 30,
  "real_actions_sent": false,
  "policy_actions_sent": false,
  "robot_write_enabled": false
}
