{
  "episode_index": 4,
  "schedule_index": 4,
  "target": "green",
  "task": "Pick up the green object and put it into the box.",
  "timestamp": "2026-06-15T14:48:53+08:00",
  "camera_keys": [
    "observation.images.global_rgb",
    "observation.images.wrist_rgb"
  ],
  "state_dim": 7,
  "action_dim": 7,
  "source": "two-object language read-only operator demonstration",
  "action_semantics_note": "observation.state=previous qpos, action=current qpos",
  "quality": {
    "episode_index": 4,
    "target": "green",
    "task": "Pick up the green object and put it into the box.",
    "frame_count": 208,
    "duration_sec": 10.417465035000351,
    "actual_fps": 19.966469702673976,
    "global_frame_failures": 0,
    "wrist_frame_failures": 0,
    "black_frame_count": 0,
    "finite_ok": true,
    "state_shape_ok": true,
    "action_shape_ok": true,
    "duplicate_timestamp_count": 0,
    "max_action_jump": 0.06860893964767456,
    "big_jump_count": 0,
    "action_min": [
      -0.342119425535202,
      0.005515240598469973,
      -1.038889765739441,
      -0.16489870846271515,
      -0.0184306763112545,
      0.02687807008624077,
      0.05220000073313713
    ],
    "action_max": [
      0.7867594957351685,
      1.9571075439453125,
      -0.0027925267349928617,
      -0.041259583085775375,
      0.48432886600494385,
      0.13116149604320526,
      0.09950000047683716
    ],
    "gripper_min": 0.05220000073313713,
    "gripper_max": 0.09950000047683716,
    "has_close": true,
    "has_release": true,
    "has_open_close_release": true,
    "too_short": false,
    "timed_out": false,
    "status": "PASS",
    "warnings": [],
    "failures": []
  },
  "placement": {},
  "fps": 20,
  "camera_fps": 30,
  "real_actions_sent": false,
  "policy_actions_sent": false,
  "robot_write_enabled": false
}
