{
  "episode_index": 5,
  "schedule_index": 5,
  "target": "green",
  "task": "Pick up the green object and put it into the box.",
  "timestamp": "2026-06-15T14:49:34+08:00",
  "camera_keys": [
    "observation.images.global_rgb",
    "observation.images.wrist_rgb"
  ],
  "state_dim": 7,
  "action_dim": 7,
  "source": "two-object language read-only operator demonstration",
  "action_semantics_note": "observation.state=previous qpos, action=current qpos",
  "quality": {
    "episode_index": 5,
    "target": "green",
    "task": "Pick up the green object and put it into the box.",
    "frame_count": 209,
    "duration_sec": 10.466759414001718,
    "actual_fps": 19.967975925806993,
    "global_frame_failures": 0,
    "wrist_frame_failures": 0,
    "black_frame_count": 0,
    "finite_ok": true,
    "state_shape_ok": true,
    "action_shape_ok": true,
    "duplicate_timestamp_count": 0,
    "max_action_jump": 0.06689846515655518,
    "big_jump_count": 0,
    "action_min": [
      -0.15657348930835724,
      0.006300638429820538,
      -1.0513688325881958,
      -0.012374384328722954,
      0.0,
      -0.1489114910364151,
      0.050700001418590546
    ],
    "action_max": [
      0.6864903569221497,
      2.0139353275299072,
      -0.003176499158143997,
      0.1981646865606308,
      0.37309902906417847,
      0.03361504152417183,
      0.09950000047683716
    ],
    "gripper_min": 0.050700001418590546,
    "gripper_max": 0.09950000047683716,
    "has_close": true,
    "has_release": true,
    "has_open_close_release": true,
    "too_short": false,
    "timed_out": false,
    "status": "PASS",
    "warnings": [],
    "failures": []
  },
  "placement": {},
  "fps": 20,
  "camera_fps": 30,
  "real_actions_sent": false,
  "policy_actions_sent": false,
  "robot_write_enabled": false
}
