{
  "episode_index": 6,
  "schedule_index": 6,
  "target": "blue",
  "task": "Pick up the blue object and put it into the box.",
  "timestamp": "2026-06-15T14:50:35+08:00",
  "camera_keys": [
    "observation.images.global_rgb",
    "observation.images.wrist_rgb"
  ],
  "state_dim": 7,
  "action_dim": 7,
  "source": "two-object language read-only operator demonstration",
  "action_semantics_note": "observation.state=previous qpos, action=current qpos",
  "quality": {
    "episode_index": 6,
    "target": "blue",
    "task": "Pick up the blue object and put it into the box.",
    "frame_count": 228,
    "duration_sec": 11.41686796399954,
    "actual_fps": 19.97045080305259,
    "global_frame_failures": 0,
    "wrist_frame_failures": 0,
    "black_frame_count": 0,
    "finite_ok": true,
    "state_shape_ok": true,
    "action_shape_ok": true,
    "duplicate_timestamp_count": 0,
    "max_action_jump": 0.07131415605545044,
    "big_jump_count": 0,
    "action_min": [
      -0.3955090641975403,
      0.006387905217707157,
      -0.8640077710151672,
      -0.7211002111434937,
      -0.04673991724848747,
      0.03420845419168472,
      0.048500001430511475
    ],
    "action_max": [
      0.8193273544311523,
      1.7768847942352295,
      -0.0040840706788003445,
      -0.04707153141498566,
      0.3876201808452606,
      0.8136724829673767,
      0.09950000047683716
    ],
    "gripper_min": 0.048500001430511475,
    "gripper_max": 0.09950000047683716,
    "has_close": true,
    "has_release": true,
    "has_open_close_release": true,
    "too_short": false,
    "timed_out": false,
    "status": "PASS",
    "warnings": [],
    "failures": []
  },
  "placement": {},
  "fps": 20,
  "camera_fps": 30,
  "real_actions_sent": false,
  "policy_actions_sent": false,
  "robot_write_enabled": false
}
